Order ID,Order Date,Employee ID,Voucher ID
1,2020-01-05,1,6
2,2020-02-05,1,6
3,2020-03-05,1,1
4,2020-03-10,1,2
5,2020-01-03,2,5
6,2020-01-03,2,5
7,2020-02-03,2,5
8,2020-02-03,2,5
9,2020-03-03,2,5
10,2020-03-03,2,5
11,2020-01-03,10,3
12,2020-01-04,10,3
13,2020-01-05,10,3
14,2020-01-06,10,3
15,2020-01-07,10,3
16,2020-01-08,10,3
17,2020-02-03,10,3
18,2020-02-03,10,3
19,2020-02-03,10,3
20,2020-02-03,10,3
21,2020-02-03,10,3
22,2020-02-03,10,3
23,2020-03-04,10,3
24,2020-03-04,10,3
25,2020-03-04,10,3
26,2020-03-04,10,3
27,2020-03-04,10,3
28,2020-03-04,10,3
29,2020-01-08,5,4
30,2020-02-03,5,4
31,2020-03-04,5,4
32,2020-01-07,6,5
33,2020-02-05,6,5
34,2020-03-14,6,5
35,2020-01-05,3,2
36,2020-01-05,3,2
37,2020-02-05,3,2
38,2020-02-05,3,2
39,2020-03-05,3,2
40,2020-03-05,3,2
41,2020-01-07,4,6
42,2020-02-03,4,6
43,2020-03-04,4,4
44,2020-02-03,7,6
45,2020-03-04,7,6
46,2020-01-07,8,1
47,2020-01-07,8,1
48,2020-02-05,8,1
49,2020-02-05,8,1
50,2020-02-05,8,1